{"cameraMode":{"drawMode":0,"name":"Shaded","section":"Shading Mode"},"sceneLighting":true,"audioPlay":false,"sceneViewState":{"showFog":true,"showMaterialUpdate":false,"showSkybox":true,"showFlares":true,"showImageEffects":true,"showParticleSystems":true},"in2DMode":false,"pivot":{"x":-4.352089881896973,"y":3.0231645107269289,"z":2.5840320587158205},"rotation":{"x":0.04875193163752556,"y":0.7873578071594238,"z":-0.06269535422325134,"w":0.6114373803138733},"size":4.041658401489258,"orthographic":false}