{"cameraMode":{"drawMode":0,"name":"Shaded","section":"Shading Mode"},"sceneLighting":false,"audioPlay":false,"sceneViewState":{"showFog":true,"showMaterialUpdate":false,"showSkybox":false,"showFlares":true,"showImageEffects":true,"showParticleSystems":true},"in2DMode":false,"pivot":{"x":28.365144729614259,"y":-10.530817985534668,"z":-20.552555084228517},"rotation":{"x":0.07687850296497345,"y":0.8808308839797974,"z":-0.1534687876701355,"w":0.44124341011047366},"size":21.814626693725587,"orthographic":false}